,min_salary,max_salary,avg
count,4.0,4.0,4.0
mean,379.75,4700.0,2539.875
std,483.77155421403876,1013.2456102380443,414.47806033612926
min,96.0,3800.0,2048.0
25%,99.0,3950.0,2349.5
50%,161.5,4500.0,2530.75
75%,442.25,5250.0,2721.125
max,1100.0,6000.0,3050.0
